rocket,launchpad,payloads,flight_number,name,date_utc,success,upcoming,latitude,longitude,timestamp,temp,wind_speed,humidity,clouds,core_reused,landing_attempt,landing_success,landing_type
5e9d0d95eda69955f709d1eb,5e9e4502f5090995de566f86,['5eb0e4b5b6c3bb0006eeb1e1'],1,FalconSat,2006-03-24T22:30:00.000Z,False,False,9.0477206,167.7431292,1143239400,27.1,32.5,73,52,,,,
5e9d0d95eda69955f709d1eb,5e9e4502f5090995de566f86,['5eb0e4b6b6c3bb0006eeb1e2'],2,DemoSat,2007-03-21T01:10:00.000Z,False,False,9.0477206,167.7431292,1174439400,27.3,33.3,80,57,,,,
5e9d0d95eda69955f709d1eb,5e9e4502f5090995de566f86,"['5eb0e4b6b6c3bb0006eeb1e3', '5eb0e4b6b6c3bb0006eeb1e4']",3,Trailblazer,2008-08-03T03:34:00.000Z,False,False,9.0477206,167.7431292,1217734440,27.6,18.6,78,28,,,,
5e9d0d95eda69955f709d1eb,5e9e4502f5090995de566f86,['5eb0e4b7b6c3bb0006eeb1e5'],4,RatSat,2008-09-28T23:15:00.000Z,True,False,9.0477206,167.7431292,1222643700,26.7,17.6,82,52,,,,
5e9d0d95eda69955f709d1eb,5e9e4502f5090995de566f86,['5eb0e4b7b6c3bb0006eeb1e6'],5,RazakSat,2009-07-13T03:35:00.000Z,True,False,9.0477206,167.7431292,1247456100,27.7,27.6,84,68,,,,
5e9d0d95eda69973a809d1ec,5e9e4501f509094ba4566f84,['5eb0e4b7b6c3bb0006eeb1e7'],6,Falcon 9 Test Flight,2010-06-04T18:45:00.000Z,True,False,28.5618571,-80.577366,1275677100,26.4,10.8,83,98,,,,
5e9d0d95eda69973a809d1ec,5e9e4501f509094ba4566f84,"['5eb0e4b9b6c3bb0006eeb1e8', '5eb0e4b9b6c3bb0006eeb1e9']",7,COTS 1,2010-12-08T15:43:00.000Z,True,False,28.5618571,-80.577366,1291822980,10.4,21.0,29,12,,,,
5e9d0d95eda69973a809d1ec,5e9e4501f509094ba4566f84,['5eb0e4bab6c3bb0006eeb1ea'],8,COTS 2,2012-05-22T07:44:00.000Z,True,False,28.5618571,-80.577366,1337672640,24.5,15.1,74,1,,,,
5e9d0d95eda69973a809d1ec,5e9e4501f509094ba4566f84,"['5eb0e4bab6c3bb0006eeb1eb', '5eb0e4bab6c3bb0006eeb1ec']",9,CRS-1,2012-10-08T00:35:00.000Z,True,False,28.5618571,-80.577366,1349656500,26.2,12.4,79,94,,,,
5e9d0d95eda69973a809d1ec,5e9e4501f509094ba4566f84,['5eb0e4bbb6c3bb0006eeb1ed'],10,CRS-2,2013-03-01T19:10:00.000Z,True,False,28.5618571,-80.577366,1362165000,20.8,21.2,43,1,,,,
5e9d0d95eda69973a809d1ec,5e9e4502f509092b78566f87,['5eb0e4bbb6c3bb0006eeb1ee'],11,CASSIOPE,2013-09-29T16:00:00.000Z,True,False,34.632093,-120.610829,1380470400,17.6,12.6,55,1,,,,
5e9d0d95eda69973a809d1ec,5e9e4501f509094ba4566f84,['5eb0e4bbb6c3bb0006eeb1ef'],12,SES-8,2013-12-03T22:41:00.000Z,True,False,28.5618571,-80.577366,1386110460,19.5,6.6,73,48,,,,
5e9d0d95eda69973a809d1ec,5e9e4501f509094ba4566f84,['5eb0e4bbb6c3bb0006eeb1f0'],13,Thaicom 6,2014-01-06T18:06:00.000Z,True,False,28.5618571,-80.577366,1389031560,20.7,7.9,93,87,,,,
5e9d0d95eda69973a809d1ec,5e9e4501f509094ba4566f84,['5eb0e4bbb6c3bb0006eeb1f1'],14,CRS-3,2014-04-18T19:25:00.000Z,True,False,28.5618571,-80.577366,1397849100,22.5,26.8,75,97,,,,
5e9d0d95eda69973a809d1ec,5e9e4501f509094ba4566f84,['5eb0e4bcb6c3bb0006eeb1f2'],15,OG-2 Mission 1,2014-07-14T15:15:00.000Z,True,False,28.5618571,-80.577366,1405350900,26.5,15.3,85,51,,,,
5e9d0d95eda69973a809d1ec,5e9e4501f509094ba4566f84,['5eb0e4bcb6c3bb0006eeb1f3'],16,AsiaSat 8,2014-08-05T08:00:00.000Z,True,False,28.5618571,-80.577366,1407225600,27.6,16.1,78,100,,,,
5e9d0d95eda69973a809d1ec,5e9e4501f509094ba4566f84,['5eb0e4bcb6c3bb0006eeb1f4'],17,AsiaSat 6,2014-09-07T05:00:00.000Z,True,False,28.5618571,-80.577366,1410066000,25.9,11.2,88,100,,,,
5e9d0d95eda69973a809d1ec,5e9e4501f509094ba4566f84,['5eb0e4bcb6c3bb0006eeb1f5'],18,CRS-4,2014-09-21T05:52:00.000Z,True,False,28.5618571,-80.577366,1411278720,24.5,16.1,84,99,,,,
5e9d0d95eda69973a809d1ec,5e9e4501f509094ba4566f84,['5eb0e4bdb6c3bb0006eeb1f6'],19,CRS-5,2015-01-10T09:47:00.000Z,True,False,28.5618571,-80.577366,1420883220,15.1,19.4,80,86,,,,
5e9d0d95eda69973a809d1ec,5e9e4501f509094ba4566f84,['5eb0e4bdb6c3bb0006eeb1f7'],20,DSCOVR,2015-02-11T23:03:00.000Z,True,False,28.5618571,-80.577366,1423695780,15.4,26.1,73,64,,,,
5e9d0d95eda69973a809d1ec,5e9e4501f509094ba4566f84,"['5eb0e4bdb6c3bb0006eeb1f8', '5eb0e4bdb6c3bb0006eeb1f9']",21,ABS-3A / Eutelsat 115W B,2015-03-02T03:50:00.000Z,True,False,28.5618571,-80.577366,1425268200,19.9,11.4,94,41,,,,
5e9d0d95eda69973a809d1ec,5e9e4501f509094ba4566f84,['5eb0e4bdb6c3bb0006eeb1fa'],22,CRS-6,2015-04-14T20:10:00.000Z,True,False,28.5618571,-80.577366,1429042200,24.9,14.3,85,100,,,,
5e9d0d95eda69973a809d1ec,5e9e4501f509094ba4566f84,['5eb0e4beb6c3bb0006eeb1fb'],23,TürkmenÄlem 52°E / MonacoSAT,2015-04-27T23:03:00.000Z,True,False,28.5618571,-80.577366,1430175780,27.8,15.5,69,67,,,,
5e9d0d95eda69973a809d1ec,5e9e4501f509094ba4566f84,['5eb0e4beb6c3bb0006eeb1fc'],24,CRS-7,2015-06-28T14:21:00.000Z,False,False,28.5618571,-80.577366,1435501260,27.6,13.8,77,49,,,,
5e9d0d95eda69973a809d1ec,5e9e4501f509094ba4566f84,['5eb0e4beb6c3bb0006eeb1fd'],25,OG-2 Mission 2,2015-12-22T01:29:00.000Z,True,False,28.5618571,-80.577366,1450747740,22.4,20.3,88,98,,,,
5e9d0d95eda69973a809d1ec,5e9e4502f509092b78566f87,['5eb0e4beb6c3bb0006eeb1fe'],26,Jason 3,2016-01-17T15:42:00.000Z,True,False,34.632093,-120.610829,1453045320,14.0,20.2,87,100,,,,
5e9d0d95eda69973a809d1ec,5e9e4501f509094ba4566f84,['5eb0e4beb6c3bb0006eeb1ff'],27,SES-9,2016-03-04T23:35:00.000Z,True,False,28.5618571,-80.577366,1457134500,22.1,10.7,56,97,,,,
5e9d0d95eda69973a809d1ec,5e9e4501f509094ba4566f84,['5eb0e4bfb6c3bb0006eeb200'],28,CRS-8,2016-04-08T20:43:00.000Z,True,False,28.5618571,-80.577366,1460148180,25.2,19.2,49,1,,,,
5e9d0d95eda69973a809d1ec,5e9e4501f509094ba4566f84,['5eb0e4bfb6c3bb0006eeb201'],29,JCSAT-2B,2016-05-06T05:21:00.000Z,True,False,28.5618571,-80.577366,1462512060,23.4,23.0,41,0,,,,
5e9d0d95eda69973a809d1ec,5e9e4501f509094ba4566f84,['5eb0e4bfb6c3bb0006eeb202'],30,Thaicom 8,2016-05-27T21:39:00.000Z,True,False,28.5618571,-80.577366,1464385140,25.1,16.1,63,27,,,,
5e9d0d95eda69973a809d1ec,5e9e4501f509094ba4566f84,"['5eb0e4bfb6c3bb0006eeb203', '5eb0e4bfb6c3bb0006eeb204']",31,ABS-2A / Eutelsat 117W B,2016-06-15T14:29:00.000Z,True,False,28.5618571,-80.577366,1466000940,28.5,11.5,79,90,,,,
5e9d0d95eda69973a809d1ec,5e9e4501f509094ba4566f84,['5eb0e4c0b6c3bb0006eeb205'],32,CRS-9,2016-07-18T04:45:00.000Z,True,False,28.5618571,-80.577366,1468817100,29.1,17.5,74,18,,,,
5e9d0d95eda69973a809d1ec,5e9e4501f509094ba4566f84,['5eb0e4c1b6c3bb0006eeb206'],33,JCSAT-16,2016-08-14T05:26:00.000Z,True,False,28.5618571,-80.577366,1471152360,28.0,13.5,84,15,,,,
5e9d0d95eda69973a809d1ec,5e9e4501f509094ba4566f84,['5eb0e4c1b6c3bb0006eeb207'],34,Amos-6,2016-09-01T13:07:00.000Z,False,False,28.5618571,-80.577366,1472735220,26.0,9.2,88,100,,,,
5e9d0d95eda69973a809d1ec,5e9e4502f509092b78566f87,['5eb0e4c2b6c3bb0006eeb208'],35,Iridium NEXT Mission 1,2017-01-14T17:54:00.000Z,True,False,34.632093,-120.610829,1484416440,12.5,20.3,55,31,,,,
5e9d0d95eda69973a809d1ec,5e9e4502f509094188566f88,['5eb0e4c3b6c3bb0006eeb209'],36,CRS-10,2017-02-19T14:39:00.000Z,True,False,28.6080585,-80.6039558,1487515140,22.2,4.8,70,87,,,,
5e9d0d95eda69973a809d1ec,5e9e4502f509094188566f88,['5eb0e4c3b6c3bb0006eeb20a'],37,EchoStar 23,2017-03-16T06:00:00.000Z,True,False,28.6080585,-80.6039558,1489644000,11.2,10.6,57,0,,,,
5e9d0d95eda69973a809d1ec,5e9e4502f509094188566f88,['5eb0e4c3b6c3bb0006eeb20b'],38,SES-10,2017-03-30T22:27:00.000Z,True,False,28.6080585,-80.6039558,1490912820,23.3,8.2,72,20,,,,
5e9d0d95eda69973a809d1ec,5e9e4502f509094188566f88,['5eb0e4c3b6c3bb0006eeb20c'],39,NROL-76,2017-05-01T11:15:00.000Z,True,False,28.6080585,-80.6039558,1493637300,25.1,17.5,77,11,,,,
5e9d0d95eda69973a809d1ec,5e9e4502f509094188566f88,['5eb0e4c3b6c3bb0006eeb20d'],40,Inmarsat-5 F4,2017-05-15T23:21:00.000Z,True,False,28.6080585,-80.6039558,1494890460,24.2,15.2,79,2,,,,
5e9d0d95eda69973a809d1ec,5e9e4502f509094188566f88,['5eb0e4c4b6c3bb0006eeb20e'],41,CRS-11,2017-06-03T21:07:00.000Z,True,False,28.6080585,-80.6039558,1496524020,22.9,15.2,94,100,,,,
5e9d0d95eda69973a809d1ec,5e9e4502f509094188566f88,['5eb0e4c4b6c3bb0006eeb20f'],42,BulgariaSat-1,2017-06-23T19:10:00.000Z,True,False,28.6080585,-80.6039558,1498245000,27.4,16.1,82,15,,,,
5e9d0d95eda69973a809d1ec,5e9e4502f509092b78566f87,['5eb0e4c4b6c3bb0006eeb210'],43,Iridium NEXT Mission 2,2017-06-25T20:25:00.000Z,True,False,34.632093,-120.610829,1498422300,14.2,22.9,88,2,,,,
5e9d0d95eda69973a809d1ec,5e9e4502f509094188566f88,['5eb0e4c4b6c3bb0006eeb211'],44,Intelsat 35e,2017-07-05T23:35:00.000Z,True,False,28.6080585,-80.6039558,1499297700,28.6,10.2,72,5,,,,
5e9d0d95eda69973a809d1ec,5e9e4502f509094188566f88,['5eb0e4c4b6c3bb0006eeb212'],45,CRS-12,2017-08-14T16:31:00.000Z,True,False,28.6080585,-80.6039558,1502728260,27.3,2.9,88,9,,,,
5e9d0d95eda69973a809d1ec,5e9e4502f509092b78566f87,['5eb0e4c4b6c3bb0006eeb213'],46,FormoSat-5,2017-08-24T18:50:00.000Z,True,False,34.632093,-120.610829,1503600600,16.4,16.9,86,100,,,,
5e9d0d95eda69973a809d1ec,5e9e4502f509094188566f88,['5eb0e4c5b6c3bb0006eeb214'],47,Boeing X-37B OTV-5,2017-09-07T13:50:00.000Z,True,False,28.6080585,-80.6039558,1504792200,26.5,6.2,88,98,,,,
5e9d0d95eda69973a809d1ec,5e9e4502f509092b78566f87,['5eb0e4c5b6c3bb0006eeb215'],48,Iridium NEXT Mission 3,2017-10-09T12:37:00.000Z,True,False,34.632093,-120.610829,1507552620,15.5,11.7,81,0,,,,
5e9d0d95eda69973a809d1ec,5e9e4502f509094188566f88,['5eb0e4c5b6c3bb0006eeb216'],49,SES-11 / Echostar 105,2017-10-11T22:53:00.000Z,True,False,28.6080585,-80.6039558,1507762380,26.3,7.5,86,32,,,,
5e9d0d95eda69973a809d1ec,5e9e4502f509094188566f88,['5eb0e4c5b6c3bb0006eeb217'],50,KoreaSat 5A,2017-10-30T19:34:00.000Z,True,False,28.6080585,-80.6039558,1509392040,15.8,18.2,45,0,,,,
5e9d0d95eda69973a809d1ec,5e9e4501f509094ba4566f84,['5eb0e4c5b6c3bb0006eeb218'],51,CRS-13,2017-12-15T15:36:00.000Z,True,False,28.5618571,-80.577366,1513352160,19.3,2.7,60,79,,,,
5e9d0d95eda69973a809d1ec,5e9e4502f509092b78566f87,['5eb0e4c6b6c3bb0006eeb219'],52,Iridium NEXT Mission 4,2017-12-23T01:27:23.000Z,True,False,34.632093,-120.610829,1513992443,13.7,6.6,42,30,,,,
5e9d0d95eda69973a809d1ec,5e9e4501f509094ba4566f84,['5eb0e4c6b6c3bb0006eeb21a'],53,ZUMA,2018-01-08T01:00:00.000Z,True,False,28.5618571,-80.577366,1515373200,15.3,14.1,65,20,,,,
5e9d0d95eda69973a809d1ec,5e9e4501f509094ba4566f84,['5eb0e4c6b6c3bb0006eeb21b'],54,SES-16 / GovSat-1,2018-01-31T21:25:00.000Z,True,False,28.5618571,-80.577366,1517433900,11.7,16.1,63,5,,,,
5e9d0d95eda69974db09d1ed,5e9e4502f509094188566f88,['5eb0e4c6b6c3bb0006eeb21c'],55,Falcon Heavy Test Flight,2018-02-06T20:45:00.000Z,True,False,28.6080585,-80.6039558,1517949900,14.5,6.5,86,88,,,,
5e9d0d95eda69973a809d1ec,5e9e4502f509092b78566f87,"['5eb0e4c6b6c3bb0006eeb21d', '5eb0e4c6b6c3bb0006eeb21e']",56,Paz / Starlink Demo,2018-02-22T14:17:00.000Z,True,False,34.632093,-120.610829,1519309020,10.5,18.1,61,6,,,,
5e9d0d95eda69973a809d1ec,5e9e4501f509094ba4566f84,['5eb0e4c7b6c3bb0006eeb21f'],57,Hispasat 30W-6,2018-03-06T05:33:00.000Z,True,False,28.5618571,-80.577366,1520314380,18.4,8.4,53,0,,,,
5e9d0d95eda69973a809d1ec,5e9e4502f509092b78566f87,['5eb0e4c7b6c3bb0006eeb220'],58,Iridium NEXT Mission 5,2018-03-30T14:13:51.000Z,True,False,34.632093,-120.610829,1522419231,16.6,7.4,70,0,,,,
5e9d0d95eda69973a809d1ec,5e9e4501f509094ba4566f84,['5eb0e4c7b6c3bb0006eeb221'],59,CRS-14,2018-04-02T20:30:41.000Z,True,False,28.5618571,-80.577366,1522701041,21.2,9.7,88,22,,,,
5e9d0d95eda69973a809d1ec,5e9e4501f509094ba4566f84,['5eb0e4c7b6c3bb0006eeb222'],60,TESS,2018-04-18T22:51:00.000Z,True,False,28.5618571,-80.577366,1524091860,18.3,7.7,59,0,,,,
5e9d0d95eda69973a809d1ec,5e9e4502f509094188566f88,['5eb0e4c7b6c3bb0006eeb223'],61,Bangabandhu-1,2018-05-11T20:14:00.000Z,True,False,28.6080585,-80.6039558,1526069640,23.3,6.1,68,86,,,,
5e9d0d95eda69973a809d1ec,5e9e4502f509092b78566f87,"['5eb0e4c7b6c3bb0006eeb224', '5eb0e4c8b6c3bb0006eeb225']",62,Iridium NEXT Mission 6,2018-05-22T19:47:58.000Z,True,False,34.632093,-120.610829,1527018478,12.4,16.3,81,98,,,,
5e9d0d95eda69973a809d1ec,5e9e4501f509094ba4566f84,['5eb0e4c8b6c3bb0006eeb226'],63,SES-12,2018-06-04T04:45:00.000Z,True,False,28.5618571,-80.577366,1528087500,27.5,16.5,77,72,,,,
5e9d0d95eda69973a809d1ec,5e9e4501f509094ba4566f84,['5eb0e4c8b6c3bb0006eeb227'],64,CRS-15,2018-06-29T09:42:00.000Z,True,False,28.5618571,-80.577366,1530265320,26.0,8.7,89,100,,,,
5e9d0d95eda69973a809d1ec,5e9e4501f509094ba4566f84,['5eb0e4c8b6c3bb0006eeb228'],65,Telstar 19V,2018-07-22T05:50:00.000Z,True,False,28.5618571,-80.577366,1532238600,26.6,14.5,87,83,,,,
5e9d0d95eda69973a809d1ec,5e9e4502f509092b78566f87,['5eb0e4c9b6c3bb0006eeb229'],66,Iridium NEXT Mission 7,2018-07-25T11:39:26.000Z,True,False,34.632093,-120.610829,1532518766,17.0,20.3,84,3,,,,
5e9d0d95eda69973a809d1ec,5e9e4501f509094ba4566f84,['5eb0e4c9b6c3bb0006eeb22a'],67,Merah Putih,2018-08-07T05:18:00.000Z,True,False,28.5618571,-80.577366,1533619080,27.7,10.2,79,8,,,,
5e9d0d95eda69973a809d1ec,5e9e4501f509094ba4566f84,['5eb0e4c9b6c3bb0006eeb22b'],68,Telstar 18V,2018-09-10T04:45:00.000Z,True,False,28.5618571,-80.577366,1536554700,26.3,5.6,91,98,,,,
5e9d0d95eda69973a809d1ec,5e9e4502f509092b78566f87,['5eb0e4c9b6c3bb0006eeb22c'],69,SAOCOM 1A,2018-10-08T02:22:00.000Z,True,False,34.632093,-120.610829,1538965320,17.4,16.3,77,1,,,,
5e9d0d95eda69973a809d1ec,5e9e4502f509094188566f88,['5eb0e4c9b6c3bb0006eeb22d'],70,Es’hail 2,2018-11-15T20:46:00.000Z,True,False,28.6080585,-80.6039558,1542314760,25.4,11.6,84,41,,,,
5e9d0d95eda69973a809d1ec,5e9e4502f509092b78566f87,['5eb0e4c9b6c3bb0006eeb22e'],71,SSO-A,2018-12-03T18:34:00.000Z,True,False,34.632093,-120.610829,1543862040,12.5,16.1,57,15,,,,
5e9d0d95eda69973a809d1ec,5e9e4501f509094ba4566f84,['5eb0e4cab6c3bb0006eeb22f'],72,CRS-16,2018-12-05T18:16:00.000Z,True,False,28.5618571,-80.577366,1544033760,19.0,14.1,73,87,,,,
5e9d0d95eda69973a809d1ec,5e9e4501f509094ba4566f84,['5eb0e4cab6c3bb0006eeb230'],73,GPS III SV01,2018-12-23T13:51:00.000Z,True,False,28.5618571,-80.577366,1545573060,11.5,6.9,74,0,,,,
5e9d0d95eda69973a809d1ec,5e9e4502f509092b78566f87,['5eb0e4cab6c3bb0006eeb231'],74,Iridium NEXT Mission 8,2019-01-11T15:31:00.000Z,True,False,34.632093,-120.610829,1547220660,12.6,7.4,81,0,,,,
5e9d0d95eda69973a809d1ec,5e9e4501f509094ba4566f84,"['5eb0e4cab6c3bb0006eeb232', '5eb0e4cab6c3bb0006eeb233', '5eb0e4cab6c3bb0006eeb234']",75,Nusantara Satu (PSN-6) / S5 / Beresheet,2019-02-22T01:45:00.000Z,True,False,28.5618571,-80.577366,1550799900,23.4,15.8,85,33,,,,
5e9d0d95eda69973a809d1ec,5e9e4502f509094188566f88,['5eb0e4cbb6c3bb0006eeb235'],76,CCtCap Demo Mission 1,2019-03-02T07:45:00.000Z,True,False,28.6080585,-80.6039558,1551512700,21.8,12.3,78,100,,,,
5e9d0d95eda69974db09d1ed,5e9e4502f509094188566f88,['5eb0e4cbb6c3bb0006eeb236'],77,ArabSat 6A,2019-04-11T22:35:00.000Z,True,False,28.6080585,-80.6039558,1555022100,21.8,9.3,76,9,,,,
5e9d0d95eda69973a809d1ec,5e9e4501f509094ba4566f84,['5eb0e4cbb6c3bb0006eeb237'],78,CRS-17,2019-05-04T06:48:00.000Z,True,False,28.5618571,-80.577366,1556952480,25.1,4.3,84,32,,,,
5e9d0d95eda69973a809d1ec,5e9e4501f509094ba4566f84,['5eb0e4cbb6c3bb0006eeb238'],79,Starlink v0.9,2019-05-24T02:30:00.000Z,True,False,28.5618571,-80.577366,1558665000,25.6,19.4,65,23,,,,
5e9d0d95eda69973a809d1ec,5e9e4502f509092b78566f87,['5eb0e4ccb6c3bb0006eeb239'],80,RADARSAT Constellation,2019-06-12T14:17:00.000Z,True,False,34.632093,-120.610829,1560349020,21.3,9.2,60,66,,,,
5e9d0d95eda69974db09d1ed,5e9e4502f509094188566f88,"['5eb0e4ccb6c3bb0006eeb23a', '5eb0e4ccb6c3bb0006eeb23b', '5eb0e4ccb6c3bb0006eeb23c', '5eb0e4ccb6c3bb0006eeb23d', '5eb0e4ccb6c3bb0006eeb23e', '5eb0e4cdb6c3bb0006eeb23f', '5eb0e4cdb6c3bb0006eeb240', '5eb0e4cdb6c3bb0006eeb241', '5eb0e4cdb6c3bb0006eeb242', '5eb0e4cdb6c3bb0006eeb243', '5eb0e4cdb6c3bb0006eeb244', '5eb0e4cdb6c3bb0006eeb245', '5eb0e4ceb6c3bb0006eeb246', '5eb0e4ceb6c3bb0006eeb247', '5eb0e4ceb6c3bb0006eeb248', '5eb0e4ceb6c3bb0006eeb249']",81,STP-2,2019-06-25T03:30:00.000Z,True,False,28.6080585,-80.6039558,1561433400,29.0,8.7,71,2,,,,
5e9d0d95eda69973a809d1ec,5e9e4501f509094ba4566f84,['5eb0e4ceb6c3bb0006eeb24a'],82,CRS-18,2019-07-25T22:01:00.000Z,True,False,28.5618571,-80.577366,1564092060,25.8,16.1,83,100,,,,
5e9d0d95eda69973a809d1ec,5e9e4501f509094ba4566f84,['5eb0e4cfb6c3bb0006eeb24b'],83,Amos-17,2019-08-06T22:52:00.000Z,True,False,28.5618571,-80.577366,1565131920,26.0,9.8,87,100,,,,
5e9d0d95eda69973a809d1ec,5e9e4501f509094ba4566f84,['5eb0e4cfb6c3bb0006eeb24c'],84,Starlink-1,2019-11-11T14:56:00.000Z,True,False,28.5618571,-80.577366,1573484160,20.4,11.9,72,36,,,,
5e9d0d95eda69973a809d1ec,5e9e4501f509094ba4566f84,['5eb0e4cfb6c3bb0006eeb24d'],85,CRS-19,2019-12-05T17:29:23.000Z,True,False,28.5618571,-80.577366,1575566963,13.6,10.0,55,0,,,,
5e9d0d95eda69973a809d1ec,5e9e4501f509094ba4566f84,['5eb0e4cfb6c3bb0006eeb24e'],86,JCSat 18 / Kacific 1,2019-12-17T00:10:00.000Z,True,False,28.5618571,-80.577366,1576541400,22.6,16.3,88,18,,,,
5e9d0d95eda69973a809d1ec,5e9e4501f509094ba4566f84,['5eb0e4cfb6c3bb0006eeb24f'],87,Starlink-2,2020-01-07T02:19:00.000Z,True,False,28.5618571,-80.577366,1578363540,12.9,6.9,59,0,,,,
5e9d0d95eda69973a809d1ec,5e9e4502f509094188566f88,['5eb0e4d0b6c3bb0006eeb250'],88,Crew Dragon In Flight Abort Test,2020-01-19T14:00:00.000Z,True,False,28.6080585,-80.6039558,1579442400,20.3,13.7,72,69,,,,
5e9d0d95eda69973a809d1ec,5e9e4501f509094ba4566f84,['5eb0e4d0b6c3bb0006eeb251'],89,Starlink-3,2020-01-29T14:06:00.000Z,True,False,28.5618571,-80.577366,1580306760,14.3,11.3,72,0,,,,
5e9d0d95eda69973a809d1ec,5e9e4501f509094ba4566f84,['5eb0e4d0b6c3bb0006eeb252'],90,Starlink-4,2020-02-17T15:05:55.000Z,True,False,28.5618571,-80.577366,1581951955,20.9,10.5,91,77,,,,
5e9d0d95eda69973a809d1ec,5e9e4501f509094ba4566f84,['5eb0e4d0b6c3bb0006eeb253'],91,CRS-20,2020-03-07T04:50:31.000Z,True,False,28.5618571,-80.577366,1583556631,16.4,11.2,71,85,,,,
5e9d0d95eda69973a809d1ec,5e9e4502f509094188566f88,['5eb0e4d0b6c3bb0006eeb254'],92,Starlink-5,2020-03-18T12:16:00.000Z,True,False,28.6080585,-80.6039558,1584533760,22.8,13.0,75,90,,,,
5e9d0d95eda69973a809d1ec,5e9e4502f509094188566f88,['5eb0e4d1b6c3bb0006eeb255'],93,Starlink-6,2020-04-22T19:30:00.000Z,True,False,28.6080585,-80.6039558,1587583800,23.3,5.4,64,90,,,,
5e9d0d95eda69973a809d1ec,5e9e4501f509094ba4566f84,['5eb0e4d1b6c3bb0006eeb256'],95,Starlink-7,2020-06-04T01:25:00.000Z,True,False,28.5618571,-80.577366,1591233900,24.1,9.1,93,100,,,,
5e9d0d95eda69973a809d1ec,5e9e4502f509094188566f88,['5eb0e4d1b6c3bb0006eeb257'],94,CCtCap Demo Mission 2,2020-05-30T19:22:00.000Z,True,False,28.6080585,-80.6039558,1590866520,27.0,11.3,81,100,,,,
5e9d0d95eda69973a809d1ec,5e9e4501f509094ba4566f84,['5eb0e4d1b6c3bb0006eeb258'],96,Starlink-8 & SkySat 16-18,2020-06-13T09:21:00.000Z,True,False,28.5618571,-80.577366,1592040060,26.4,10.5,74,1,,,,
5e9d0d95eda69973a809d1ec,5e9e4501f509094ba4566f84,['5eb0e4d1b6c3bb0006eeb259'],101,"SAOCOM 1B, GNOMES-1, Tyvak-0172",2020-08-30T23:18:00.000Z,True,False,28.5618571,-80.577366,1598829480,26.6,8.4,92,99,,,,
5e9d0d95eda69973a809d1ec,5e9e4501f509094ba4566f84,['5eb0e4d2b6c3bb0006eeb25c'],97,GPS III SV03 (Columbus),2020-06-30T19:55:00.000Z,True,False,28.5618571,-80.577366,1593546900,30.2,11.9,75,25,,,,
5e9d0d95eda69973a809d1ec,5e9e4501f509094ba4566f84,['5eb0e4d2b6c3bb0006eeb25d'],111,SXM-7,2020-12-13T17:30:00.000Z,True,False,28.5618571,-80.577366,1607880600,19.0,6.2,93,74,,,,
5e9d0d95eda69973a809d1ec,5e9e4501f509094ba4566f84,['5eb0e4d2b6c3bb0006eeb25e'],106,GPS III SV04 (Sacagawea),2020-11-05T23:24:00.000Z,True,False,28.5618571,-80.577366,1604618640,23.1,18.9,63,73,,,,
5e9d0d95eda69973a809d1ec,5e9e4502f509094188566f88,['5eb0e4d2b6c3bb0006eeb25f'],107,Crew-1,2020-11-16T00:27:00.000Z,True,False,28.6080585,-80.6039558,1605486420,23.8,7.6,94,15,,,,
5e9d0d95eda69973a809d1ec,5e9e4501f509094ba4566f84,['5eb0e4d2b6c3bb0006eeb261'],131,GPS III SV05,2021-06-17T16:09:00.000Z,True,False,28.5618571,-80.577366,1623946140,24.7,18.0,89,100,,,,
5e9d0d95eda69973a809d1ec,5e9e4502f509094188566f88,['5eb0e4d3b6c3bb0006eeb262'],110,CRS-21,2020-12-06T16:17:00.000Z,True,False,28.6080585,-80.6039558,1607271420,15.5,7.2,76,0,,,,
5e9d0d95eda69973a809d1ec,5e9e4501f509094ba4566f84,['5eb0e4d3b6c3bb0006eeb264'],113,Turksat 5A,2021-01-08T02:15:00.000Z,True,False,28.5618571,-80.577366,1610072100,19.3,11.5,63,87,,,,
5e9d0d95eda69973a809d1ec,5e9e4501f509094ba4566f84,['5eb0e4d2b6c3bb0006eeb25b'],98,ANASIS-II,2020-07-20T21:30:00.000Z,True,False,28.5618571,-80.577366,1595280600,28.4,13.0,74,8,,,,
5e9d0d95eda69973a809d1ec,5e9e4502f509094188566f88,"['5ed9858b1f30554030d45c3e', '5ee522e32f1f3d474c758123']",99,Starlink-9 (v1.0) & BlackSky Global 5-6,2020-08-07T05:12:00.000Z,True,False,28.6080585,-80.6039558,1596777120,27.3,1.6,88,99,,,,
5e9d0d95eda69973a809d1ec,5e9e4501f509094ba4566f84,['5ed9859f1f30554030d45c3f'],100,Starlink-10 (v1.0) & SkySat 19-21,2020-08-18T14:31:00.000Z,True,False,28.5618571,-80.577366,1597761060,27.6,9.4,81,77,,,,
5e9d0d95eda69973a809d1ec,5e9e4502f509092b78566f87,['5ed9867c1f30554030d45c40'],108,Sentinel-6 Michael Freilich,2020-11-21T17:17:00.000Z,True,False,34.632093,-120.610829,1605979020,15.1,10.8,63,99,,,,
5e9d0d95eda69973a809d1ec,5e9e4502f509094188566f88,['5ef6a4600059c33cee4a829e'],102,Starlink-11 (v1.0),2020-09-03T12:46:00.000Z,True,False,28.6080585,-80.6039558,1599137160,28.6,2.6,85,10,,,,
5e9d0d95eda69973a809d1ec,5e9e4502f509094188566f88,['5ef6a48e0059c33cee4a829f'],103,Starlink-12 (v1.0),2020-10-06T11:29:00.000Z,True,False,28.6080585,-80.6039558,1601983740,26.1,12.2,92,99,,,,
5e9d0d95eda69973a809d1ec,5e9e4502f509094188566f88,['5ef6a4d50059c33cee4a82a1'],104,Starlink-13 (v1.0),2020-10-18T12:25:00.000Z,True,False,28.6080585,-80.6039558,1603023900,25.0,11.6,84,45,,,,
5e9d0d95eda69973a809d1ec,5e9e4501f509094ba4566f84,['5ef6a4ea0059c33cee4a82a2'],105,Starlink-14 (v1.0),2020-10-24T15:31:00.000Z,True,False,28.5618571,-80.577366,1603553460,24.3,6.1,83,32,,,,
5e9d0d95eda69973a809d1ec,5e9e4502f509094188566f88,['5f839ac7818d8b59f5740d48'],112,NROL-108,2020-12-19T14:00:00.000Z,True,False,28.6080585,-80.6039558,1608386400,15.0,13.0,68,91,,,,
5e9d0d95eda69973a809d1ec,5e9e4501f509094ba4566f84,['5fb95c263a88ae63c9546044'],109,Starlink-15 (v1.0),2020-11-25T02:13:00.000Z,True,False,28.5618571,-80.577366,1606270380,22.7,11.7,62,100,,,,
5e9d0d95eda69973a809d1ec,5e9e4502f509094188566f88,['5fbfedba54ceb10a5664c813'],114,Starlink-16 (v1.0),2021-01-20T13:02:00.000Z,True,False,28.6080585,-80.6039558,1611147720,14.4,8.3,73,0,,,,
5e9d0d95eda69973a809d1ec,5e9e4502f509094188566f88,['5fbfedc654ceb10a5664c814'],118,Starlink-17 (v1.0),2021-03-04T08:24:00.000Z,True,False,28.6080585,-80.6039558,1614846240,15.8,27.4,83,33,,,,
5e9d0d95eda69973a809d1ec,5e9e4501f509094ba4566f84,['5fd3871a7faea57d297c86c6'],115,Transporter-1,2021-01-24T15:00:00.000Z,True,False,28.5618571,-80.577366,1611500400,18.1,9.8,91,65,,,,
5e9d0d95eda69973a809d1ec,5e9e4502f509092b78566f87,['5fe3b2abb3467846b3242172'],168,SARah 1,2022-06-18T14:19:00.000Z,True,False,34.632093,-120.610829,1655561940,13.6,24.5,77,0,,,,
5e9d0d95eda69973a809d1ec,5e9e4502f509094188566f88,['5fe3b3adb3467846b3242173'],123,Crew-2,2021-04-23T09:49:00.000Z,True,False,28.6080585,-80.6039558,1619171340,18.6,20.8,77,3,,,,
5e9d0d95eda69973a809d1ec,5e9e4501f509094ba4566f84,['5fe3b57db3467846b324217a'],130,SXM-8,2021-06-06T04:26:00.000Z,True,False,28.5618571,-80.577366,1622953560,27.1,16.5,79,99,,,,
5e9d0d95eda69973a809d1ec,5e9e4502f509094188566f88,['5fe3b642b3467846b324217b'],129,CRS-22 & IROSA,2021-06-03T17:29:00.000Z,True,False,28.6080585,-80.6039558,1622741340,24.6,19.7,82,98,,,,
5e9d0d95eda69973a809d1ec,5e9e4501f509094ba4566f84,['5fe3c080b3467846b3242190'],142,Türksat 5B,2021-12-19T03:58:00.000Z,True,False,28.5618571,-80.577366,1639886280,23.2,11.4,90,14,,,,
5e9d0d95eda69973a809d1ec,5e9e4502f509092b78566f87,['5fe3c4a6b3467846b3242192'],138,DART,2021-11-24T06:20:00.000Z,True,False,34.632093,-120.610829,1637734800,13.8,17.5,75,27,,,,
5e9d0d95eda69973a809d1ec,5e9e4502f509094188566f88,['5fe3c4f2b3467846b3242193'],133,CRS-23,2021-08-29T07:14:00.000Z,True,False,28.6080585,-80.6039558,1630221240,26.1,10.5,92,99,,,,
5e9d0d95eda69973a809d1ec,5e9e4502f509094188566f88,['5fe3b3bab3467846b3242174'],136,Crew-3,2021-11-11T02:03:00.000Z,True,False,28.6080585,-80.6039558,1636596180,21.0,7.7,89,100,,,,
5e9d0d95eda69973a809d1ec,5e9e4501f509094ba4566f84,['5ff655769257f579ee3a6c64'],116,Starlink-18 (v1.0),2021-02-04T06:19:00.000Z,True,False,28.5618571,-80.577366,1612419540,10.4,7.9,45,0,,,,
5e9d0d95eda69973a809d1ec,5e9e4501f509094ba4566f84,['600f9bc08f798e2a4d5f97a4'],117,Starlink-19 (v1.0),2021-02-16T03:59:00.000Z,True,False,28.5618571,-80.577366,1613447940,23.8,19.0,86,40,,,,
5e9d0d95eda69973a809d1ec,5e9e4501f509094ba4566f84,['600f9bcb8f798e2a4d5f97a5'],119,Starlink-20 (v1.0),2021-03-11T08:13:00.000Z,True,False,28.5618571,-80.577366,1615450380,18.4,12.1,63,85,,,,
5e9d0d95eda69973a809d1ec,5e9e4502f509094188566f88,['600f9bd88f798e2a4d5f97a6'],120,Starlink-21 (v1.0),2021-03-14T10:01:00.000Z,True,False,28.6080585,-80.6039558,1615716060,19.8,5.2,74,95,,,,
5e9d0d95eda69973a809d1ec,5e9e4501f509094ba4566f84,['608ac397eb3e50044e3630e7'],132,Transporter-2,2021-06-30T19:31:00.000Z,True,False,28.5618571,-80.577366,1625081460,25.0,9.4,92,100,,,,
5e9d0d95eda69973a809d1ec,5e9e4501f509094ba4566f84,['60428afbc041c16716f73cdd'],121,Starlink-22 (v1.0),2021-03-24T08:28:00.000Z,True,False,28.5618571,-80.577366,1616574480,20.1,9.0,72,82,,,,
5e9d0d95eda69973a809d1ec,5e9e4501f509094ba4566f84,['60428b02c041c16716f73cde'],122,Starlink-23 (v1.0),2021-04-07T16:34:00.000Z,True,False,28.5618571,-80.577366,1617813240,20.6,9.2,63,0,,,,
5e9d0d95eda69973a809d1ec,5e9e4501f509094ba4566f84,['605b4be3aa5433645e37d046'],124,Starlink-24 (v1.0),2021-04-29T03:44:00.000Z,True,False,28.5618571,-80.577366,1619667840,23.6,9.8,69,81,,,,
5e9d0d95eda69973a809d1ec,5e9e4502f509094188566f88,['605b4befaa5433645e37d047'],125,Starlink-25 (v1.0),2021-05-04T19:01:00.000Z,True,False,28.6080585,-80.6039558,1620154860,27.0,14.7,71,66,,,,
5e9d0d95eda69973a809d1ec,5e9e4502f509094188566f88,"['605b4bfcaa5433645e37d048', '609f48374a12e4692eae4667', '609f49c64a12e4692eae4668']",127,Starlink-26 (v1.0) + Capella-6 + Tyvak-0130,2021-05-15T22:54:00.000Z,True,False,28.6080585,-80.6039558,1621119240,23.3,19.3,69,20,,,,
5e9d0d95eda69973a809d1ec,5e9e4501f509094ba4566f84,['6079bd5e9a06446e8c61bf7c'],126,Starlink-27 (v1.0),2021-05-09T06:42:00.000Z,True,False,28.5618571,-80.577366,1620542520,22.0,9.4,59,0,,,,
5e9d0d95eda69973a809d1ec,5e9e4501f509094ba4566f84,['6079bd679a06446e8c61bf7d'],128,Starlink-28 (v1.0),2021-05-26T18:59:00.000Z,True,False,28.5618571,-80.577366,1622055540,24.9,13.6,72,32,,,,
5e9d0d95eda69973a809d1ec,5e9e4502f509092b78566f87,['6175aaacefa4314085aa9c56'],148,NROL-87,2022-02-02T20:18:00.000Z,True,False,34.632093,-120.610829,1643833080,12.6,26.6,56,0,,,,
5e9d0d95eda69973a809d1ec,5e9e4502f509094188566f88,['607a382f5a906a44023e0867'],135,Inspiration4,2021-09-16T00:02:00.000Z,True,False,28.6080585,-80.6039558,1631750520,26.9,7.7,81,86,,,,
5e9d0d95eda69973a809d1ec,5e9e4502f509092b78566f87,['60e3bf3373359e1e20335c3c'],134,Starlink 2-1 (v1.5),2021-09-14T03:55:00.000Z,True,False,34.632093,-120.610829,1631591700,16.2,13.2,83,9,,,,
5e9d0d95eda69973a809d1ec,5e9e4502f509094188566f88,['61c1f395a4a2462678cbf46e'],140,IXPE,2021-12-09T06:00:00.000Z,True,False,28.6080585,-80.6039558,1639029600,25.2,12.2,60,71,,,,
5e9d0d95eda69973a809d1ec,5e9e4501f509094ba4566f84,['6161d0f26db1a92bfba85355'],139,Starlink 4-3 (v1.5),2021-12-01T23:20:00.000Z,True,False,28.5618571,-80.577366,1638400800,16.8,13.0,85,0,,,,
5e9d0d95eda69973a809d1ec,5e9e4502f509094188566f88,['6161d22a6db1a92bfba85357'],143,CRS-24,2021-12-21T10:06:00.000Z,True,False,28.6080585,-80.6039558,1640081160,21.1,16.5,91,100,,,,
5e9d0d95eda69973a809d1ec,5e9e4501f509094ba4566f84,['6161d3a06db1a92bfba8535a'],147,CSG-2,2022-01-31T23:11:12.000Z,True,False,28.5618571,-80.577366,1643670672,8.1,10.2,59,0,,,,
5e9d0d95eda69973a809d1ec,5e9e4501f509094ba4566f84,['618fabf0563d69573ed8caa6'],137,Starlink 4-1 (v1.5),2021-11-13T12:40:00.000Z,True,False,28.5618571,-80.577366,1636807200,20.7,5.1,95,100,,,,
5e9d0d95eda69973a809d1ec,5e9e4502f509092b78566f87,['61bbac16437241381bf70632'],141,Starlink 4-4 (v1.5),2021-12-18T12:41:40.000Z,True,False,34.632093,-120.610829,1639831300,12.4,12.7,81,0,,,,
5e9d0d95eda69973a809d1ec,5e9e4501f509094ba4566f84,['6175aaacefa4314085aa9c56'],145,Transporter-3,2022-01-13T15:25:00.000Z,True,False,28.5618571,-80.577366,1642087500,18.5,10.8,64,88,,,,
5e9d0d95eda69973a809d1ec,5e9e4502f509094188566f88,['61d5ece4f88e4c5fc91f1ebb'],144,Starlink 4-5 (v1.5),2022-01-06T21:49:00.000Z,True,False,28.6080585,-80.6039558,1641505740,20.5,5.8,74,71,,,,
5e9d0d95eda69973a809d1ec,5e9e4502f509094188566f88,['61e05516be8d8b66799018d4'],146,Starlink 4-6 (v1.5),2022-01-19T00:04:00.000Z,True,False,28.6080585,-80.6039558,1642550640,10.5,8.8,86,4,,,,
5e9d0d95eda69973a809d1ec,5e9e4502f509094188566f88,['61e05520be8d8b66799018d5'],149,Starlink 4-7 (v1.5),2022-02-03T18:13:00.000Z,True,False,28.6080585,-80.6039558,1643911980,19.2,14.6,70,5,,,,
5e9d0d95eda69973a809d1ec,5e9e4502f509094188566f88,['61eefb129eb1064137a1bd74'],156,Ax-1,2022-04-08T15:17:00.000Z,True,False,28.6080585,-80.6039558,1649431020,24.0,19.7,81,90,,,,
5e9d0d95eda69973a809d1ec,5e9e4501f509094ba4566f84,['61fc02e1e0dc5662b76489b4'],150,Starlink 4-8 (v1.5),2022-02-21T14:44:00.000Z,True,False,28.5618571,-80.577366,1645454640,19.2,9.4,68,0,,,,
5e9d0d95eda69973a809d1ec,5e9e4502f509092b78566f87,['61fc0334e0dc5662b76489b5'],151,Starlink 4-11 (v1.5),2022-02-25T17:12:00.000Z,True,False,34.632093,-120.610829,1645809120,10.4,21.8,48,0,,,,
5e9d0d95eda69973a809d1ec,5e9e4502f509094188566f88,['61fc0379e0dc5662b76489b6'],152,Starlink 4-9 (v1.5),2022-03-03T14:35:00.000Z,True,False,28.6080585,-80.6039558,1646318100,19.4,9.2,81,0,,,,
5e9d0d95eda69973a809d1ec,5e9e4501f509094ba4566f84,['61fc0382e0dc5662b76489b7'],153,Starlink 4-10 (v1.5),2022-03-09T13:45:00.000Z,True,False,28.5618571,-80.577366,1646833500,23.8,18.4,85,51,,,,
5e9d0d95eda69973a809d1ec,5e9e4501f509094ba4566f84,['623491e5f051102e1fcedac9'],154,Starlink 4-12 (v1.5),2022-03-19T03:24:00.000Z,True,False,28.5618571,-80.577366,1647660240,25.0,20.4,82,100,,,,
5e9d0d95eda69973a809d1ec,5e9e4501f509094ba4566f84,['6243af62af52800c6e919260'],155,Transporter-4,2022-04-01T16:24:00.000Z,True,False,28.5618571,-80.577366,1648830240,24.0,24.6,85,100,,,,
5e9d0d95eda69973a809d1ec,5e9e4501f509094ba4566f84,['6243af9faf52800c6e919261'],158,Starlink 4-14 (v1.5),2022-04-21T15:16:00.000Z,True,False,28.5618571,-80.577366,1650554160,21.4,16.2,57,37,,,,
5e9d0d95eda69973a809d1ec,5e9e4502f509092b78566f87,['6243b036af52800c6e919262'],157,NROL-85,2022-04-17T13:13:00.000Z,True,False,34.632093,-120.610829,1650201180,13.0,13.0,79,99,,,,
5e9d0d95eda69973a809d1ec,5e9e4502f509094188566f88,['6243b1cdaf52800c6e919265'],159,Crew-4,2022-04-27T07:52:00.000Z,True,False,28.6080585,-80.6039558,1651045920,24.2,10.7,70,2,,,,
5e9d0d95eda69973a809d1ec,5e9e4501f509094ba4566f84,['6243b286af52800c6e919266'],166,Nilesat-301,2022-06-08T21:04:00.000Z,True,False,28.5618571,-80.577366,1654722240,27.1,9.7,80,42,,,,
5e9d0d95eda69973a809d1ec,5e9e4501f509094ba4566f84,['6243b39daf52800c6e919267'],165,Transporter-5,2022-05-25T18:27:00.000Z,True,False,28.5618571,-80.577366,1653503220,26.2,15.3,69,25,,,,
5e9d0d95eda69973a809d1ec,5e9e4502f509094188566f88,['6243b835af52800c6e91926d'],173,CRS-25,2022-07-15T00:44:00.000Z,True,False,28.6080585,-80.6039558,1657845840,29.6,10.2,70,95,,,,
5e9d0d95eda69973a809d1ec,5e9e4501f509094ba4566f84,['6243b93caf52800c6e91926f'],170,SES-22,2022-06-29T21:04:00.000Z,True,False,28.5618571,-80.577366,1656536640,27.9,15.5,74,100,,,,
5e9d0d95eda69973a809d1ec,5e9e4501f509094ba4566f84,['625829cf5988f159024b9648'],163,Starlink 4-15 (v1.5),2022-05-14T20:40:00.000Z,True,False,28.5618571,-80.577366,1652560800,21.6,10.1,83,89,,,,
5e9d0d95eda69973a809d1ec,5e9e4502f509092b78566f87,['625829d75988f159024b9649'],162,Starlink 4-13 (v1.5),2022-05-13T22:07:00.000Z,True,False,34.632093,-120.610829,1652479620,12.1,23.5,70,0,,,,
5e9d0d95eda69973a809d1ec,5e9e4501f509094ba4566f84,['62582aa55988f159024b964d'],160,Starlink 4-16 (v1.5),2022-04-29T21:27:00.000Z,True,False,28.5618571,-80.577366,1651267620,22.9,22.5,64,12,,,,
5e9d0d95eda69973a809d1ec,5e9e4502f509094188566f88,['62582aad5988f159024b964e'],161,Starlink 4-17 (v1.5),2022-05-06T09:42:00.000Z,True,False,28.6080585,-80.6039558,1651830120,26.9,12.2,70,85,,,,
5e9d0d95eda69973a809d1ec,5e9e4502f509094188566f88,['62615ee40ec008379be596fd'],164,Starlink 4-18 (v1.5),2022-05-18T10:40:00.000Z,True,False,28.6080585,-80.6039558,1652870400,26.8,15.8,65,29,,,,
5e9d0d95eda69973a809d1ec,5e9e4502f509094188566f88,['6278484e57b51b752c5c5a63'],167,Starlink 4-19 (v1.5),2022-06-01T17:08:50.000Z,True,False,28.6080585,-80.6039558,1654103330,24.0,13.1,82,55,,,,
5e9d0d95eda69973a809d1ec,5e9e4501f509094ba4566f84,['62adecbcd26f4f711fa53848'],169,Globalstar FM15,2022-06-19T04:27:00.000Z,True,False,28.5618571,-80.577366,1655612820,28.3,13.5,59,94,,,,
5e9d0d95eda69973a809d1ec,5e9e4501f509094ba4566f84,['630bccc6d36448026ab01639'],171,Starlink 4-21 (v1.5),2022-07-07T13:11:00.000Z,True,False,28.5618571,-80.577366,1657199460,29.0,15.4,76,87,,,,
5e9d0d95eda69973a809d1ec,5e9e4501f509094ba4566f84,['630bce10d36448026ab0163b'],174,Starlink 4-22 (v1.5),2022-07-17T14:50:00.000Z,True,False,28.5618571,-80.577366,1658069400,23.6,7.9,94,100,,,,
5e9d0d95eda69973a809d1ec,5e9e4502f509092b78566f87,['630bce49d36448026ab0163c'],175,Starlink 3-2 (v1.5),2022-07-21T17:13:00.000Z,True,False,34.632093,-120.610829,1658423580,15.9,15.4,75,40,,,,
5e9d0d95eda69973a809d1ec,5e9e4501f509094ba4566f84,['630bce79d36448026ab0163d'],176,Starlink 4-25 (v1.5),2022-07-24T00:00:00.000Z,True,False,28.5618571,-80.577366,1658620800,28.5,6.7,75,33,,,,
5e9d0d95eda69973a809d1ec,5e9e4501f509094ba4566f84,['630bcfe1d36448026ab01641'],177,KPLO,2022-08-04T23:08:00.000Z,True,False,28.5618571,-80.577366,1659654480,29.0,4.0,67,17,,,,
5e9d0d95eda69973a809d1ec,5e9e4502f509094188566f88,"['63161610ffc78f3b85670718', '63161872ffc78f3b8567071e']",184,Starlink 4-2 (v1.5) & Blue Walker 3,2022-09-11T01:10:00.000Z,True,False,28.6080585,-80.6039558,1662858600,25.8,3.5,91,100,,,,
5e9d0d95eda69973a809d1ec,5e9e4502f509094188566f88,['630bcea1d36448026ab0163e'],178,Starlink 4-26 (v1.5),2022-08-09T22:57:00.000Z,True,False,28.6080585,-80.6039558,1660085820,26.0,3.1,90,30,,,,
5e9d0d95eda69973a809d1ec,5e9e4502f509094188566f88,['62dd73ed202306255024d145'],187,Crew-5,2022-10-05T16:00:00.000Z,True,False,28.6080585,-80.6039558,1664985600,22.3,20.0,69,33,,,,
5e9d0d95eda69973a809d1ec,5e9e4502f509092b78566f87,['630bceb8d36448026ab01640'],179,Starlink 3-3 (v1.5),2022-08-12T21:30:00.000Z,True,False,34.632093,-120.610829,1660339800,16.3,19.3,85,44,,,,
5e9d0d95eda69973a809d1ec,5e9e4501f509094ba4566f84,['630bceadd36448026ab0163f'],180,Starlink 4-27 (v1.5),2022-08-19T19:24:00.000Z,True,False,28.5618571,-80.577366,1660937040,25.3,4.2,88,100,,,,
5e9d0d95eda69973a809d1ec,5e9e4502f509094188566f88,['631614d7ffc78f3b85670716'],181,Starlink 4-23 (v1.5),2022-08-28T02:22:00.000Z,True,False,28.6080585,-80.6039558,1661653320,25.8,9.7,94,100,,,,
5e9d0d95eda69973a809d1ec,5e9e4501f509094ba4566f84,"['631614e9ffc78f3b85670717', '631617fbffc78f3b8567071d']",183,Starlink 4-20 (v1.5) & Sherpa LTC-2/Varuna-TDM,2022-09-05T02:09:00.000Z,True,False,28.5618571,-80.577366,1662343740,28.7,10.9,73,100,,,,
5e9d0d95eda69973a809d1ec,5e9e4502f509092b78566f87,['630f63bf18702d4844fb5391'],182,Starlink 3-4 (v1.5),2022-08-31T05:40:00.000Z,True,False,34.632093,-120.610829,1661924400,15.2,16.6,83,76,,,,
5e9d0d95eda69973a809d1ec,5e9e4501f509094ba4566f84,['63161699ffc78f3b85670719'],185,Starlink 4-34 (v1.5),2022-09-17T01:05:00.000Z,True,False,28.5618571,-80.577366,1663376700,23.6,10.4,95,100,,,,
5e9d0d95eda69973a809d1ec,5e9e4501f509094ba4566f84,['631616a7ffc78f3b8567071a'],186,Starlink 4-35 (v1.5),2022-09-24T23:30:00.000Z,True,False,28.5618571,-80.577366,1664062200,26.4,16.6,79,17,,,,
